41.145537990000001,-8.6094505550000004;9401008;Porto São Bento
41.14887839,-8.5849758129999998;9402006;Porto Campanhã
41.167452449999999,-8.5763622470000005;9403004;Contumil
41.184701750000002,-8.5570727959999999;9403038;Rio Tinto
41.199436710000001,-8.5562049800000004;9403046;Águas Santas
41.201202469999998,-8.5566203600000001;9403053;Palmilheira
41.217000740000003,-8.5542345389999994;9404002;Ermesinde
41.228377809999998,-8.5517612500000002;9404010;Travagem
41.246560629999998,-8.5572389999999992;9404036;Leandro
41.257775109999997,-8.5581130779999999;9404051;São Frutuoso
41.277259479999998,-8.5548765759999998;9404077;São Romão
41.302194729999997,-8.5494483330000008;9404101;Portela
41.3377037,-8.5477715;9404630;Trofa
41.351253419999999,-8.5261768090000007;9405009;Lousado
41.380859880000003,-8.5230269100000005;9405033;Esmeriz
41.390268519999999,-8.5261680149999997;9405058;Barrimau
41.405397620000002,-8.5293524230000006;9405074;Famalicão
41.428816349999998,-8.5220272060000006;9405108;Mouquim
41.436801600000003,-8.5380019489999999;9405116;Louro
41.455178099999998,-8.5450071330000004;9406007;Nine
41.486215880000003,-8.5636824730000001;9406056;Carreira
41.507827710000001,-8.5816394089999992;9406080;Midões
41.536742349999997,-8.6090097760000006;9406122;Barcelos
41.566039590000003,-8.6277771380000008;9406155;Silva
41.585620179999999,-8.6329056180000006;9406197;Carapeços
41.608863390000003,-8.6348534489999995;9406213;Tamel
41.639023760000001,-8.6667655620000001;9406262;Durrães
41.646288810000001,-8.7011217030000001;9406304;Barroselas
41.64670924,-8.7214208630000005;9406312;Senhora das Neves
41.648486040000002,-8.7399727029999994;9406338;Alvarães
41.680252590000002,-8.7819746849999998;9406387;Darque
41.684113000000004,-8.7990491839999994;9406395;Areia - Darque
42.024671419999997,-8.6393811669999998;9407005;Valença
41.220599479999997,-8.5359462149999992;9408029;Cabêda
41.197243350000001,-8.5025257849999996;9408060;Suzão
41.188069159999998,-8.4872606820000005;9408086;Valongo
41.170077130000003,-8.4681621590000002;9408102;São Martinho do Campo
41.163685280000003,-8.4370782280000007;9408136;Terronhas
41.161232730000002,-8.4186665709999993;9408151;Trancoso
41.15363189,-8.3988301249999999;9408177;Recarei - Sobreira
41.160274960000002,-8.3709609090000008;9408201;Parada
41.172223170000002,-8.3535934990000005;9408227;Cête
41.181904250000002,-8.3418868190000008;9408243;Irivo
41.194022449999999,-8.3373325549999997;9408250;Oleiros
41.204171170000002,-8.3237287870000003;9408276;Paredes
41.217946959999999,-8.2943579829999994;9408318;Penafiel
41.235235520000003,-8.2741573719999995;9408334;Bustelo
41.248985089999998,-8.2577344000000004;9408359;Meinedo
41.251545389999997,-8.2257701030000003;9408383;Caíde
41.25773178,-8.1977228499999999;9408409;Oliveira
41.244828509999998,-8.1841203409999999;9408433;Vila Meã
41.229571350000001,-8.1743377230000007;9408441;Recesinhos
41.215734619999999,-8.1544826229999998;9408474;Livração
41.17976384,-8.1358302219999992;9409001;Marco de Canaveses
41.139165239999997,-8.1190797010000004;9409050;Juncal
41.103259569999999,-8.088757975;9409100;Pala
41.094797399999997,-8.0671693589999993;9409134;Mosteirô
41.106497060000002,-8.0050053370000001;9409191;Aregos
41.117672460000001,-7.9702613329999998;9409225;Mirão
41.124571230000001,-7.9484893960000003;9409258;Ermida
41.120670509999997,-7.9081617;9409282;Porto Rei
41.142650920000001,-7.8873533829999998;9409324;Barqueiros
41.160263710000002,-7.863077251;9409357;Rede
41.151587630000002,-7.8243525009999999;9409399;Caldas de Moledo
41.165783019999999,-7.794644796;9409423;Godim
41.157241509999999,-7.7812349850000002;9410009;Régua
41.14626672,-7.7306092230000001;9410058;Bagaúste
41.153836730000002,-7.6860716040000003;9410090;Covelinhas
41.161190359999999,-7.6080600839999999;9410165;Ferrão
41.189401009999997,-7.5419288;9410249;Pinhão
41.211946269999999,-7.4313215850000001;9410363;São Mamede do Tua
41.206634579999999,-7.4176363670000001;9411007;Tua
41.174724300000001,-7.3745078240000002;9411064;Alegria
41.144732089999998,-7.3370661669999997;9411114;Ferradosa
41.14430771,-7.3101042940000003;9411148;Vargelas
41.142958839999999,-7.256064683;9411197;Vesúvio
41.133084539999999,-7.2052465899999998;9411247;Freixo de Numão
41.131911510000002,-7.1172621610000002;9412005;Pocinho
41.20789268,-8.1424861620000009;9413037;Santo Isidoro
41.218154439999999,-8.1298254540000006;9413052;Valbom
41.22931853,-8.1244724030000004;9413078;Vila Caiz
41.233723240000003,-8.1205961000000002;9413086;Passinhos
41.250366630000002,-8.1052531109999997;9413102;Fregim-A
41.256368260000002,-8.0974759840000008;9413110;Fregim
41.272880569999998,-8.0838656069999999;9413136;Amarante
41.155682759999998,-7.7710538580000001;9414019;Corgo
41.173801709999999,-7.7653037210000004;9414043;Tanha
41.195939000000003,-7.759749931;9414084;Alvações
41.222705759999997,-7.7532006779999998;9414126;Povoação
41.237704960000002,-7.7394805059999996;9414159;Carrazedo
41.249823139999997,-7.7471778369999997;9414183;Cruzeiro
41.294112349999999,-7.7385075109999999;9414266;Vila Real
41.238145170000003,-7.4203842;9415057;Tralhariz
41.242085690000003,-7.3921069609999996;9415081;Castanheiro
41.281767379999998,-7.3920213859999997;9415149;Santa Luzia
41.292360670000001,-7.37365856;9415164;São Lourenço
41.307153190000001,-7.3643215450000001;9415180;Tralhão
41.328551740000002,-7.3578347339999999;9415222;Brunheda
41.33790836,-7.3158171110000003;9415263;Codeçais
41.347217559999997,-7.2782081380000001;9415289;Abreiro
41.366865300000001,-7.2392698940000004;9415347;Ribeirinha
41.384112899999998,-7.209492408;9415388;Vilarinho
41.387419569999999,-7.1666006600000003;9415420;Cachão
41.412383290000001,-7.1595746289999997;9415453;Frechas
41.440516639999998,-7.1691317210000003;9415495;Latadas
41.482474269999997,-7.1835035569999999;9416006;Mirandela
41.489280669999999,-7.177812415;9416014;Tarana
38.665956719999997,-9.1795510290000006;9417087;Pragal
38.589608900000002,-8.9957580480000008;9417095;Penalva
41.172403610000003,-7.0494352640000004;9417137;Corroios
38.620841259999999,-9.1290771559999992;9417152;Foros de Amora
38.609694220000002,-9.1013290120000008;9417186;Fogueteiro
41.18477875,-6.9713559839999997;9417236;Coina
41.69514942,-8.8314726700000001;9418002;Viana do Castelo
41.720527990000001,-8.8553286589999995;9418044;Areosa
41.750411470000003,-8.8633747780000007;9418085;Carreço
41.775429219999999,-8.8615298679999999;9418119;Afife
41.813215800000002,-8.8626499269999996;9418150;Âncora Praia
41.847918040000003,-8.8643587490000009;9418200;Moledo do Minho
41.869629689999996,-8.8434049780000006;9418234;Senhora da Agonia
41.87394381,-8.8345125759999998;9418242;Caminha
41.896312950000002,-8.8193552200000003;9418275;Seixas
41.909320839999999,-8.7929350819999996;9418291;Esqueiro
41.920003540000003,-8.7631184409999996;9418325;Gondarém
41.935983020000002,-8.7483355080000003;9418341;Vila Nova da Cerveira
41.979851760000003,-8.7025934439999997;9418416;Carvalha
41.993620100000001,-8.6664145890000004;9418440;São Pedro da Torre
41.197226950000001,-8.5766073669999994;9421006;São Gemil
41.189906290000003,-8.611016502;9421048;São Mamede de Infesta
41.196143390000003,-8.6296943600000002;9421055;Arroteia (A)
41.20664249,-8.6299473340000006;9421071;Leça do Balio
41.19117258,-8.6832309040000002;9421154;Leixões
41.21497557,-8.6589994190000006;9421170;Guifões
41.435161899999997,-8.2943683490000009;9424000;Guimarães
41.351052320000001,-8.4734041100000006;9428068;Santo Tirso
41.363598179999997,-8.4382129040000002;9428100;Caniços
41.35728289,-8.4065691149999999;9428134;Vila das Aves
41.364440539999997,-8.3893012169999999;9428159;Giesteira
41.365252949999999,-8.3640794639999996;9428191;Lordelo
41.37637342,-8.3423307569999992;9428209;Cuca
41.377440739999997,-8.3246538099999992;9428217;Pereirinhas
41.378695450000002,-8.3122012450000007;9428233;Vizela
41.402856720000003,-8.3195016590000002;9428266;Nespereira
41.421252500000001,-8.3012030939999999;9428290;Covas
41.481245000000001,-8.5290234760000008;9429033;Couto de Cambeses
41.489919659999998,-8.5090422379999993;9429066;Arentim
41.497096910000003,-8.4969577770000004;9429074;Ruílhe
41.508361860000001,-8.4839549749999996;9429090;Tadim
41.51953245,-8.4688848159999992;9429108;Aveleda
41.526822750000001,-8.459315234;9429116;Mazagão
41.530393220000001,-8.4423172710000003;9429132;Ferreiros
41.547843270000001,-8.4346801609999993;9429157;Braga
38.7140,-9.1225;9430007;Lisboa Santa Apolónia
38.747007240000002,-9.1027606649999999;9431005;Braço de Prata
38.769338689999998,-9.0989114139999998;9431039;Lisboa Oriente
38.779802570000001,-9.0997777089999996;9431047;Moscavide
38.79758073,-9.0989438450000009;9431062;Sacavém
38.809368650000003,-9.0933562539999997;9431070;Bobadela
38.842667179999999,-9.079060836;9431112;Santa Iria
38.861409520000002,-9.0621764020000004;9431146;Póvoa
38.892448170000002,-9.0314203240000008;9431187;Alverca
38.926491779999999,-9.0107598959999997;9431237;Alhandra
38.957660390000001,-8.9851475720000007;9431278;Vila Franca de Xira
38.989526830000003,-8.9651994560000006;9431310;Castanheira do Ribatejo
39.008185060000002,-8.9519970410000003;9431336;Carregado
39.038258259999999,-8.9251744590000008;9431377;Vila Nova da Raínha
39.052235580000001,-8.9002645810000001;9431401;Espadanal da Azambuja
39.116466969999998,-8.774562865;9432003;Setil
39.148422549999999,-8.7589319420000002;9432045;Santana Cartaxo
39.192683860000002,-8.7235077370000003;9432102;Vale de Santarém
39.246701219999999,-8.6751848910000007;9432185;Santarém
39.318724930000002,-8.6288418629999999;9432284;Vale de Figueira
39.373420469999999,-8.5513574939999994;9432383;Mato Miranda
39.436683500000001,-8.4999664169999996;9432466;Riachos - Torres Novas - Golegã
39.070341640000002,-8.8635152399999999;9433001;Azambuja
39.087910149999999,-8.8246816579999994;9433043;Virtudes
39.102091559999998,-8.7907280490000002;9433084;Reguengo - Vale da Pedra - Pontével
39.466201439999999,-8.4692408570000008;9434009;Entroncamento
39.533438160000003,-8.4720221379999998;9434090;Lamarosa
39.584588490000002,-8.47931627;9434157;Paialvo
39.6163244881341,-8.49502787474034;9434199;Fungalvaz
39.654203059947,-8.49380246902122;9434249;Chão de Maçãs-Fátima
39.6757936274325,-8.50671244547679;9434264;Seiça-Ourém
39.7143714817836,-8.54527170223424;9434330;Caxarias
39.7935587779443,-8.58937003669481;9434439;Albergaria dos Doze
39.837446129999996,-8.6028395250000003;9434504;Litém
39.857717039999997,-8.6568124789999992;9434553;Vermoil
39.91797093,-8.63006187;9434645;Pombal
39.976159160000002,-8.6354009359999999;9434702;Pelariga
40.018862079999998,-8.637703943;9434744;Simões
40.05487,-8.639564;9434801;Soure
40.116723059999998,-8.6398076019999994;9434868;Vila Nova de Anços
40.170460460000001,-8.6240085890000007;9435006;Alfarelos
40.184697440000001,-8.5962308549999999;9435030;Formoselha / Santo Varão
40.187039249999998,-8.5737606409999998;9435055;Pereira
40.192719660000002,-8.5327012490000005;9435097;Amial
40.197217000000002,-8.5152751010000003;9435105;Vila Pouca do Campo
40.205479580000002,-8.4888951489999993;9435139;Taveiro
40.207972660000003,-8.4733076430000001;9435147;Casais
40.2134626,-8.4606362520000005;9435162;Espadaneira
40.21456431,-8.456197143;9435170;Bencanta
40.227362,-8.442730;9436004;Coimbra B
40.25838461,-8.4437735699999994;9436046;Adémia
40.271676669999998,-8.4364213360000004;9436053;Vilela - Fornos
40.295377260000002,-8.4223190609999996;9436087;Souselas
40.346587900000003,-8.4374350800000002;9437002;Pampilhosa
40.385644999999997,-8.4540416809999996;9437051;Mealhada
40.426189710000003,-8.4558550750000006;9437093;Aguim
40.435248479999998,-8.4550710860000002;9437119;Curia
40.450491667,-8.459480556;9437143;Mogofores
40.491468050000002,-8.4831452069999997;9437184;Paraimo
40.518305769999998,-8.5091596719999991;9437218;Oliveira do Bairro
40.543752778,-8.550188889;9437275;Oiã
40.60160432,-8.6192851739999998;9437358;Quintans
40.643292,-8.640847;9438000;Aveiro
40.685216667,-8.597625;9438075;Cacia
40.715380556,-8.563955556;9438117;Canelas
40.732944444,-8.566086111;9438125;Salreu
40.763956620000002,-8.5771843479999994;9438158;Estarreja
40.807402778,-8.5848;9438216;Avanca
40.833522222,-8.601105556;9438240;Válega
40.874530110000002,-8.6180988680000006;9438299;Ovar
40.924444444,-8.626080556;9438356;Carvalheira - Maceda
40.940533333,-8.63025;9438372;Cortegaça
40.962727778,-8.635519444;9438406;Esmoriz
40.986318220000001,-8.6397207680000001;9438414;Paramos
41.001228419999997,-8.6436102009999995;9438422;Silvalde
41.019908890000004,-8.6425249449999999;9439008;Espinho
41.048939990000001,-8.6506606569999995;9439040;Granja
41.061471830000002,-8.6537021900000006;9439057;Aguda
41.077674569999999,-8.6485728940000008;9439073;Miramar
41.081104439999997,-8.6476447739999998;9439081;Francelos
41.098959020000002,-8.6320981519999993;9439115;Valadares
41.111185239999998,-8.6377613899999997;9439123;Madalena
41.124372989999998,-8.634151202;9439149;Coimbrões
41.129635290000003,-8.6205614429999997;9439164;Gaia
41.133255660000003,-8.6083933560000006;9439172;General Torres
39.542191670000001,-8.4721255850000006;9440014;Soudos - Vila Nova
39.54866689,-8.4629658249999995;9440030;Carrascal-Delongo
39.547863569999997,-8.4300227159999999;9440063;Curvaceiras
39.552886379999997,-8.3932752629999996;9440105;Santa Cita
39.571029850000002,-8.3953417049999999;9440113;Carvalhos de Figueiredo
39.59881214,-8.4131367180000005;9440154;Tomar
40.208652780000001,-8.4321668079999998;9441020;Coimbra
40.20346559,-8.4249454969999995;9441038;Coimbra-Parque
40.201092260000003,-8.4067124579999994;9441053;São José
40.187476259999997,-8.4002019519999997;9441079;Carvalhosas
40.180466099999997,-8.3923695550000001;9441087;Quinta da Ponte
40.173694380000001,-8.3930754269999994;9441095;Conraria
40.164979799999998,-8.3881964460000003;9441103;Ceira
40.156906050000003,-8.3743588859999996;9441129;Vale de Açor
40.135226719999999,-8.3576190849999996;9441152;Trémoa
40.115072660000003,-8.356788817;9441186;Moinhos
40.104531889999997,-8.3523591889999995;9441194;Lobases
40.089519449999997,-8.3311118309999994;9441228;Miranda do Corvo
40.108225449999999,-8.2974112980000001;9441251;Padrão
40.105650850000004,-8.2659915250000005;9441293;Meiral
40.111215710000003,-8.2489654039999998;9441301;Lousã-A
40.118250099999997,-8.2478507410000006;9441319;Lousã
40.144739039999997,-8.2227977970000001;9441350;Prilhão-Casais
40.155911000000003,-8.2094428730000004;9441376;Serpins
40.64476,-8.642347;9442002;Aveiro - Vouga
40.64149638,-8.6185501460000005;9442028;Esgueira
40.639958409999998,-8.5920344069999999;9442051;Azurva
40.631011289999996,-8.5682378929999992;9442077;Eixo
40.622246859999997,-8.5484947160000004;9442093;São João de Loure
40.609556140000002,-8.5319333719999992;9442119;Eirol
40.601151399999999,-8.5239676380000002;9442127;Taipa - Requeixo
40.594105419999998,-8.5144592939999999;9442135;Travassô
40.587356440000001,-8.4982826409999994;9442150;Cabanões
40.579494400000002,-8.4882300229999998;9442168;Casal do Álvaro
40.572476330000001,-8.4782087960000005;9442176;Oronhe
40.577454189999997,-8.4485269600000006;9442218;Águeda
40.605083239999999,-8.4601666570000003;9442259;Mourisca do Vouga
40.613232410000002,-8.4542309519999996;9442267;Aguieira
40.623755379999999,-8.4498671860000005;9442291;Valongo-Vouga
40.635943210000001,-8.4530415239999996;9442309;Carvalhal da Portela
40.653054230000002,-8.4580828819999994;9442325;Macinhata
40.672149349999998,-8.4541108240000007;9443000;Sernada do Vouga
41.000956039999998,-8.6430421010000007;9444016;Espinho-Vouga
40.987893880000001,-8.6295076490000007;9444032;Silvalde-Vouga
40.982000970000001,-8.6244943280000008;9444040;Monte de Paramos
40.983312920000003,-8.6038749429999992;9444057;Lapa
40.984776250000003,-8.5924308979999999;9444073;Sampaio-Oleiros
40.971896860000001,-8.5833261099999998;9444107;Paços de Brandão
40.961132599999999,-8.5699581140000003;9444115;Rio Meão
40.954766149999998,-8.5502029420000003;9444156;São João de Ver
40.939424899999999,-8.5364308690000001;9444172;Cavaco
40.925842340000003,-8.5312337350000007;9444198;Sanfins
40.923433269999997,-8.5353127329999996;9444206;Vila da Feira
40.919545040000003,-8.5152865989999995;9444222;Escapães
40.90845814,-8.5010466069999993;9444248;Arrifana
40.897719029999998,-8.4951330699999996;9444255;São João da Madeira
40.878304200000002,-8.4948111260000001;9444271;Faria
40.86747768,-8.4937652359999998;9444297;Couto de Cucujães
40.850689780000003,-8.4887936530000001;9444313;Santiago de Riba-Ul
40.839448220000001,-8.4817984519999996;9444339;Oliveira de Azeméis
40.822951719999999,-8.4903054139999998;9444362;Ul
40.814215609999998,-8.4809050609999996;9444396;Travanca-Macinhata
40.798208469999999,-8.4885846029999996;9444412;Figueiredo
40.783067549999998,-8.4864753159999999;9444446;Pinheiro da Bemposta
40.764443730000004,-8.4834478000000004;9444461;Branca
40.743739609999999,-8.4890600910000007;9444495;Albergaria-a-Nova
40.702631660000002,-8.4810378590000006;9444537;Urgueiras
40.690340720000002,-8.4787118689999996;9444552;Albergaria-a-Velha
40.339810440000001,-8.4627646159999994;9445047;Mala
40.338725369999999,-8.4838453390000002;9445062;Silva - Feiteira
40.344511410000003,-8.5039691590000004;9445088;Enxofães
40.343911220000003,-8.5201807729999999;9445104;Murtede
40.342464120000002,-8.5373728320000009;9445112;Cordinha
40.339865099999997,-8.5873507010000001;9445153;Cantanhede
40.320048210000003,-8.6311290940000003;9445203;Limede - Cadima
40.305470370000002,-8.637821508;9445229;Casal
40.28603021,-8.6541506239999997;9445245;Arazede
40.274066349999998,-8.6843800659999992;9445278;Bebedouro
40.24790557,-8.7173593629999999;9445310;Liceia
40.216629660000002,-8.7317847440000005;9445351;Santana - Ferreira
40.204415330000003,-8.7704200609999994;9445393;Costeira
40.191920549999999,-8.7964219870000004;9445435;Alhadas
40.174940409999998,-8.7949808740000002;9445443;Maiorca
40.356451360000001,-8.4128755799999997;9446045;Quinta do Valongo - Vacariça
40.365255329999997,-8.3899644690000006;9446060;Pego
40.389815970000001,-8.3865946420000004;9446094;Luso Buçaco
40.39441892,-8.3415279259999995;9446136;Trezói
40.415375500000003,-8.3033011250000008;9446185;Soito
40.408802639999998,-8.2661985829999995;9446219;Monte dos Lobos
40.391986609999996,-8.2426566119999993;9446243;Mortágua
40.38908292,-8.1249315079999995;9446367;Santa Comba Dão
40.406628789999999,-8.0848733680000002;9446409;Castelejo
40.420141950000001,-8.0516703280000002;9446441;Papízios
40.432204900000002,-8.0091630439999992;9446482;Carregal do Sal
40.450043540000003,-7.963945227;9446524;Oliveirinha Cabanas
40.459034330000001,-7.9504126069999996;9446540;Fiais da Telha
40.475354799999998,-7.9200937800000002;9446581;Lapa do Lobo
40.490697169999997,-7.9070102200000001;9446599;Canas Felgueiras
40.512722789999998,-7.8935541799999998;9446623;Urgueiriça
40.517728269999999,-7.8581782430000002;9446656;Folhadal
40.530349309999998,-7.8496639469999998;9446672;Nelas
40.57461472,-7.8095066119999998;9446763;Moimenta Alcafache
40.586712949999999,-7.7601519029999997;9448009;Mangualde
40.566997389999997,-7.7154673269999998;9448066;Contenças
40.573065919999998,-7.6495454059999997;9448124;Abrunhosa
40.573344800000001,-7.6021392069999996;9448165;Gouveia
40.610163679999999,-7.5272083370000002;9448249;Fornos de Algodres
40.629714180000001,-7.4730903660000001;9448298;Muxagata
40.63214086,-7.4395479299999998;9448330;Vila Boa Mondego
40.664881479999998,-7.3828308710000004;9448405;Celorico da Beira
40.677310329999997,-7.3282781779999997;9448454;Baraçal
40.694920889999999,-7.3063436719999997;9448488;Maçal do Chão
40.724799949999998,-7.2581590360000003;9448546;Vila Franca das Naves
40.72950599,-7.232869891;9448561;Cerejo
40.711167510000003,-7.2495268790000003;9448595;Pinhel
40.674965090000001,-7.2580682789999997;9448652;Trajinha
40.60795237,-7.256268253;9448728;Sobral
40.551803489999998,-7.2395225989999998;9449007;Guarda
40.523429319999998,-7.2158188579999996;9449049;Gata
40.506842480000003,-7.1872715720000002;9449072;Vila Garcia
40.497950979999999,-7.1505705539999997;9449114;Vila Fernando
40.506735249999998,-7.0927188919999997;9449163;Rochoso
40.511114110000001,-7.0500038910000002;9449205;Cerdeira
40.51882844,-7.0153749489999999;9449239;Miuzela
40.533185850000002,-6.9786020999999998;9449270;Noémi
40.557444140000001,-6.942769288;9449312;Castelo Mendo
40.565824759999998,-6.9186433410000001;9449338;Malhada Sorda
40.59137192,-6.905368588;9449387;Freineda
40.60038823,-6.8878156629999996;9449411;Aldeia
40.606310290000003,-6.8325218899999998;9449460;Vilar Formoso
39.461518079999998,-8.4350714109999991;9451045;Barquinha
39.461286680000001,-8.3951643279999999;9451086;Tancos
39.462212919999999,-8.3738661560000001;9451102;Almourol
39.4672847,-8.3475578810000002;9451128;Praia do Ribatejo
39.447666830000003,-8.2965402899999994;9451185;Santa Margarida
39.460430940000002,-8.2480551850000001;9451243;Tramagal
39.44026513,-8.1943365959999994;9452001;Abrantes
39.473614050000002,-8.1870107339999993;9452068;Alferrarede
39.467893230000001,-8.085107335;9452167;Mouriscas-A
39.472337500000002,-8.0448402150000007;9452209;Alvega-Ortiga
39.481943080000001,-8.0013775900000006;9452241;Barragem de Belver
39.4919443,-7.958768997;9452282;Belver
39.52587355,-7.8351426579999996;9452415;Barca da Amieira -Envendos
39.613811140000003,-7.7157066519999997;9452571;Fratel
39.654974209999999,-7.6728481750000004;9452647;Ródão
39.716550759999997,-7.6819588080000001;9452738;Tojeirinha
39.756136720000001,-7.6238528470000002;9452803;Sarnadas
39.769478530000001,-7.5914629639999998;9452845;Retaxo
39.788079230000001,-7.562435292;9452878;Benquerenças
39.818039730000002,-7.4909346809999997;9453009;Castelo Branco
39.919466659999998,-7.4362066479999998;9453140;Alcains
39.988194870000001,-7.4407659820000003;9453215;Lardosa
40.026595010000001,-7.4546382659999999;9453264;Soalheira
40.063980970000003,-7.4610722149999997;9453314;Castelo Novo
40.095048089999999,-7.4626082069999997;9453355;Alpedrinha
40.114693889999998,-7.4249402189999998;9453397;Vale de Prazeres
40.148924059999999,-7.4099152259999999;9453462;Fatela-Penamacor
40.133814860000001,-7.4480852940000002;9453504;Alcaide
40.131978230000001,-7.4723733899999996;9453520;Donas
40.140964029999999,-7.496286359;9453546;Fundão
40.200972290000003,-7.5168309989999997;9453629;Alcaria
40.239386629999998,-7.5122149609999997;9453678;Tortosendo
40.277846629999999,-7.4962184179999998;9454007;Covilhã
40.30613623,-7.3703172749999997;9454148;Caria
40.333416890000002,-7.3360696360000004;9454197;Belmonte-Manteigas
40.388795950000002,-7.2870608140000002;9454262;Maçainhas
40.435072810000001,-7.2681339820000002;9454338;Benespera
40.511734949999997,-7.2389258129999998;9454429;Sabugal
39.265977960000001,-8.0124695900000003;9455293;Ponte de Sôr
39.29056001,-7.984870978;9455327;Fazenda
39.309625599999997,-7.9072559990000002;9456002;Torre das Vargens
39.275562270000002,-7.8063802820000001;9456101;Chança
39.280293499999999,-7.7320084590000002;9456176;Mata
39.19950068,-7.4620901860000002;9457000;Portalegre
39.139848200000003,-7.3829956049999996;9457117;Assumar
39.097174840000001,-7.3344979649999997;9457174;Arronches
39.006643369999999,-7.2538221500000004;9457315;Santa Eulália-A
38.895475869999999,-7.1426819630000002;9457497;Elvas
39.335485370000001,-7.7888211600000004;9458131;Cunheira
39.358963920000001,-7.6523691009999997;9458271;Vale do Peso-A
39.37274343,-7.6365214899999998;9458305;Vale do Peso
39.422457620000003,-7.4901639830000004;9458503;Castelo de Vide
39.449112839999998,-7.3688890889999996;9458651;Marvão-Beirã
38.715188329999997,-9.1429139270000004;9459006;Lisboa Rossio
38.734885499999997,-9.168695005;9460004;Campolide
38.747020640000002,-9.2129927370000004;9460038;Santa Cruz/Damaia
38.744487569999997,-9.1995768719999997;9460046;Benfica
38.76009277,-9.2361965700000006;9460087;Amadora
38.750941009999998,-9.2224720639999997;9460095;Reboleira
38.758868970000002,-9.2566676799999996;9460103;Queluz-Belas
38.755764560000003,-9.2653212259999993;9460111;Monte Abraão
38.751561199999998,-9.2836788160000001;9460137;Massamá-Barcarena
38.766776120000003,-9.2985619120000003;9461002;Agualva-Cacém
38.785041030000002,-9.3234597689999994;9461044;Rio de Mouro
38.793103979999998,-9.3304620979999999;9461051;Mercês
38.797501269999998,-9.3424603340000001;9461069;Algueirão-Mem Martins
38.802269170000002,-9.3766275760000006;9461093;Portela de Sintra
38.799258260000002,-9.3854541820000001;9461101;Sintra
38.789829539999999,-9.3129114140000002;9462042;Mira Sintra - Meleças
38.80935994,-9.3027001390000006;9462067;Telhal
38.830572050000001,-9.3000399799999993;9462091;Sabugo
38.870140970000001,-9.2955253199999994;9462133;Pedra Furada
38.897524150000002,-9.2913092450000008;9462166;Mafra
38.916290770000003,-9.2830446910000006;9462190;Alcainça-Moinhos
38.928826180000002,-9.2572283169999992;9462224;Malveira
38.949722989999998,-9.2339515179999996;9462257;Jerumelo
38.969088329999998,-9.1992405220000002;9462299;Sapataria
38.988967709999997,-9.1972685839999997;9462315;Pero Negro
39.006267790000003,-9.1832671070000007;9462331;Zibreira
39.022805040000001,-9.1793060129999997;9462364;Feliteira
39.042890679999999,-9.1845917069999992;9462380;Dois Portos
39.073372540000001,-9.2099277669999999;9462422;Runa
39.092999450000001,-9.2548898239999993;9462471;Torres Vedras
39.139840020000001,-9.2154463609999997;9462547;Ramalhal
39.191724579999999,-9.1768883710000004;9462612;Outeiro
39.22822858,-9.165971205;9462661;Camarão
39.265634579999997,-9.1529736360000005;9462703;Bombarral
39.294638030000002,-9.1627363469999992;9462745;Paúl
39.322419050000001,-9.1797797659999993;9462786;São Mamede
39.34488064,-9.1721975259999997;9462802;Dagorda - Peniche
39.36525632,-9.1586511819999998;9462836;Óbidos
39.407026469999998,-9.1402821240000005;9463008;Caldas da Rainha
39.4359951,-9.1498209139999993;9463040;Campo-Serra
39.470566349999999,-9.1508639469999995;9463081;Bouro
39.49306215,-9.1470365319999996;9463107;Salir do Porto
39.508848049999997,-9.1331724049999998;9463131;São Martinho do Porto
39.531999120000002,-9.0849979249999997;9463180;Famalicão da Nazaré
39.55389126,-9.0543235929999994;9463214;Cela
39.585055420000003,-9.0169076369999992;9463263;Valado
39.626364150000001,-8.9991834060000002;9463313;Fanhais
39.657535150000001,-8.9838617700000007;9463354;Pataias
39.687873850000003,-8.9451538730000006;9463404;Martingança
39.73732107,-8.9251172699999994;9463461;Marinha Grande
39.757628510000004,-8.8277870279999995;9463560;Leiria
39.797126030000001,-8.8368258780000009;9463610;Regueira de Pontes
39.855496350000003,-8.8477530640000008;9463685;Monte Real
39.899868529999999,-8.8344414709999999;9463735;Monte Redondo
39.947678519999997,-8.8017985099999994;9463800;Guia
39.980211869999998,-8.8110187789999994;9463834;Carriço
40.015969009999999,-8.8152855460000001;9463875;Louriçal
40.044974510000003,-8.7831155780000003;9463925;Ribeira de Seiça
40.062222849999998,-8.7666123539999994;9463958;Telhada
40.085361020000001,-8.74350673;9463974;Bicanho
40.103984799999999,-8.7519630750000008;9464006;Amieira
40.122491840000002,-8.7646142289999993;9464022;Bifurcação de Lares
40.12941051,-8.787311678;9464055;Lares
40.1418593,-8.8136012590000004;9464089;Fontela
40.146374940000001,-8.824729907;9464097;Fontela-A
40.148666169999998,-8.8479752729999994;9464113;Figueira da Foz
40.160160730000001,-8.6545847190000007;9465029;Montemor
40.140175579999998,-8.6766596790000001;9465052;Marujal
40.139690969999997,-8.7035843629999992;9465086;Verride
40.130437989999997,-8.7453746799999994;9465128;Reveles
38.740375010000001,-9.1070323210000002;9466019;Marvila
38.73793603,-9.1170268060000001;9466027;Chelas
38.746026690000001,-9.1324307999999998;9466035;Roma - Areeiro
38.74515658,-9.1447583209999994;9466050;Entrecampos
38.743742109999999,-9.1508300029999994;9466068;Entrecampos - Poente
38.740635269999999,-9.1647243429999996;9466076;Sete Rios
38.707392380000002,-9.1732375709999996;9467025;Alcântara-Terra
38.73084849,-9.1692538460000002;9467033;Campolide-A
38.63009297,-8.9153487019999993;9468007;Pinhal Novo
38.604465130000001,-8.8872529100000008;9468049;Venda do Alcaide
38.568316549999999,-8.8720927839999995;9468098;Palmela - A
38.524589220000003,-8.8864397200000003;9468122;Setúbal
38.52070578,-8.8808395050000009;9468130;Praça do Quebedo
38.51709271,-8.8710338570000005;9468155;Setúbal-Mar
38.512010770000003,-8.8506317750000001;9468171;Cachofarra
38.705862860000003,-9.1445630680000001;9469005;Cais do Sodré
38.70616244,-9.155345187;9469013;Santos
38.700160760000003,-9.1784315139999997;9469039;Alcântara-Mar
38.696178789999998,-9.1976566660000003;9469054;Belém
38.698461940000001,-9.2294858869999992;9469088;Algés
38.69982203,-9.2522328940000005;9469104;Cruz Quebrada
38.698778269999998,-9.2744014040000007;9469120;Caxias
38.69713737,-9.2906093750000007;9469146;Paço de Arcos
38.686951319999999,-9.3121089609999999;9469161;Santo Amaro
38.688559310000002,-9.3190398969999997;9469179;Oeiras
38.687853009999998,-9.3373718399999994;9469187;Carcavelos
38.689757090000001,-9.3563729799999997;9469203;Parede
38.695501149999998,-9.3719347600000003;9469229;São Pedro do Estoril
38.70132564,-9.3860856310000003;9469237;São João do Estoril
38.703263829999997,-9.3986927659999999;9469245;Estoril
38.703587939999998,-9.4064996510000007;9469252;Monte Estoril
38.700898070000001,-9.4184580429999993;9469260;Cascais
38.634426769999997,-8.7433331929999998;9471001;Poceirão
38.636395460000003,-8.6919515900000004;9471050;Fernando Pó
38.662280580000001,-8.6192310439999993;9471126;Pegões
38.667982840000001,-8.5857744539999992;9471159;São João das Craveiras
38.686601410000002,-8.5133071789999999;9471225;Bombel
38.679465759999999,-8.4544423999999996;9472009;Vendas Novas
38.583057760000003,-8.287715747;9472199;Torre da Gadanha
37.018276399999998,-7.9397486739999996;9473007;Faro
37.013811500000003,-7.9221333600000001;9473031;Bom João
37.030111959999999,-7.8407273880000004;9473106;Olhão
37.052882259999997,-7.7500646949999998;9473197;Fuseta-A
37.059886210000002,-7.7512988380000003;9473205;Fuseta
37.073407060000001,-7.732042453;9473239;Livramento
37.088740520000002,-7.7007894129999999;9473262;Luz
37.120426350000002,-7.655910285;9473320;Tavira
37.133010540000001,-7.6486886099999998;9473338;Porta Nova
37.144164109999998,-7.6060280860000002;9473379;Conceição
37.176255380000001,-7.5384364220000002;9473452;Cacela
37.19623034,-7.5130482049999996;9473486;Aroeira
37.196894210000004,-7.4841553049999998;9473502;Castro Marim
37.190028009999999,-7.4485190699999997;9473544;Monte Gordo
37.199699879999997,-7.4216147220000002;9473569;Vila Real de Stº António
38.497821119999998,-8.1566839269999996;9474005;Casa Branca
38.407168730000002,-8.0957582230000007;9474120;Alcáçovas
38.352460569999998,-8.0424630639999997;9474203;Viana
38.293992619999997,-8.0352009770000006;9474278;Vila Nova da Baronia
38.232804170000001,-8.0001557259999991;9474351;Alvito
38.16322538,-7.8949050180000002;9474476;Cuba
38.017963520000002,-7.858196167;9475002;Beja
37.990068000000001,-7.9173536000000002;9475085;Penedo Gordo
37.959225289999999,-7.9891367420000003;9475176;Santa Vitória-Ervidel
37.82389834,-8.1053147279999997;9476000;Castro Verde-Almodóvar
37.745596259999999,-8.2267983949999994;9476158;Ourique
37.746394840000001,-8.2928330139999993;9476216;Panóias
37.727269700000001,-8.3379139010000003;9477008;Funcheira
37.709955039999997,-8.3492687910000001;9477032;Garvão
37.690024299999997,-8.4176568340000006;9477099;Amoreiras-Odemira
37.589626799999998,-8.4896762080000006;9477263;Luzianes
37.491111930000002,-8.4808529769999996;9477388;Santa Clara-Sabóia
37.437018610000003,-8.4382953619999999;9477461;Pereiras
37.347785569999999,-8.3659258790000006;9477594;São Marcos
37.252123730000001,-8.2877697260000005;9477735;Messines-Alte
37.164952820000003,-8.2564582959999999;9478006;Tunes
37.12877099,-8.2332551350000003;9478063;Albufeira - Ferreiras
37.113498270000001,-8.1876903970000008;9478105;Patã
37.122942860000002,-8.1530084540000001;9478147;Boliqueime
37.113740800000002,-8.1005381760000006;9478196;Vale de Judeu
37.104530080000004,-8.0590914760000008;9478238;Loulé
37.095061790000003,-8.024127429;9478253;Almancil
37.080792680000002,-7.9853205730000001;9478295;Parque das Cidades
39.107890159999997,-8.7396200919999991;9480044;Morgado
39.086755330000003,-8.7205359250000001;9480077;Muge
39.048538929999999,-8.6871491879999994;9480127;Marinhais
38.956482489999999,-8.5699915059999991;9480283;Agolada
38.95035077,-8.5408736619999992;9480325;Coruche
38.941109640000001,-8.5172934050000002;9480358;Quinta Grande
38.894967510000001,-8.4994882490000006;9480408;Salgueirinha
38.846232049999998,-8.5119859869999992;9480465;São Torcato
38.803553219999998,-8.511324578;9480515;Lavre
38.748720679999998,-8.5104303909999999;9480580;Canha
38.702384680000002,-8.478374488;9480655;Vidigal
38.523010509999999,-7.9473103570000001;9482214;Monte das Flores
38.560327899999997,-7.9073217360000001;9483006;Évora
38.573454060000003,-7.8932513689999997;9483022;Comenda (A)
38.606314699999999,-7.8774104779999998;9483063;Garraia (A)
38.635194949999999,-7.8411256549999999;9483113;Sousa da Sé (A)
38.702659799999999,-7.8254086039999997;9483204;Azaruja (Ad)
38.73856748,-7.814784768;9483253;Vale Pereiro (A)
38.790934180000001,-7.7826168210000004;9483337;VIMIEIRO
38.802038260000003,-7.7327084580000003;9483378;Aranha (A)
38.793099490000003,-7.7019258380000002;9483410;Évora Monte (A)
38.85058239,-7.6226735229999996;9483535;AMEIXIAL
38.844055619999999,-7.5820915529999997;9486009;ESTREMOZ
38.887817120000001,-7.6216903929999997;9486074;Silveirona (A)
38.91896697,-7.6319987420000004;9486132;Cardiais (A)
38.953516209999997,-7.6809790590000002;9486199;SOUSEL
39.004039630000001,-7.6137672670000001;9486306;Sto.Amaro-Veiros(A)
39.047444499999997,-7.6444131860000004;9486355;Fronteira (A)
39.109940899999998,-7.5879636719999999;9486462;Coutos (A)
39.13506057,-7.5772926749999998;9486504;Cabeço de Vide (A)
39.180450190000002,-7.5200464030000003;9486587;Rib. do Freixo (A)
37.167863179999998,-8.3029960420000002;9490050;Algoz
37.169852910000003,-8.3487763620000006;9490092;Alcantarilha
37.16359052,-8.3890194400000002;9490134;Poço Barreto
37.175643649999998,-8.4407828289999998;9490183;Silves
37.143434579999997,-8.4859440349999993;9490241;Estômbar-Lagoa
37.138648889999999,-8.5195418459999992;9490274;Ferragudo
37.144792729999999,-8.5379361960000004;9490290;Portimão
37.153986629999999,-8.6103186189999992;9490381;Mexilhoeira Grande
37.118414219999998,-8.6482729070000008;9490431;Meia Praia
37.109499100000001,-8.6725237390000007;9490464;Lagos
38.512046499999997,-8.8464404559999998;9491009;Praias-Sado
38.522786189999998,-8.8241338779999996;9491033;Vale da Rosa
38.532090940000003,-8.8160676240000004;9491041;Mourisca-Sado
38.514432769999999,-8.841511487;9491058;Praias-Sado-A
38.573352479999997,-8.7473277249999999;9492007;Águas de Moura
38.474722890000002,-8.6797470440000009;9492130;Pinheiro
38.430468609999998,-8.6357000619999997;9492205;Monte Novo-Palma
38.376015099999996,-8.5294362750000001;9492338;Alcácer do Sal
38.306271350000003,-8.5218100850000003;9492437;Vale de Guizo
38.266181080000003,-8.5266272670000003;9492478;Somincor
38.183998209999999,-8.5551219130000007;9492577;Grândola
38.1387657,-8.4929150589999995;9492650;Canal-Caveira
38.069978900000002,-8.430625633;9492775;Azinheira dos Barros
38.040706139999998,-8.4228344029999995;9492809;Lousal
38.003280969999999,-8.4137504159999992;9493005;Ermidas - Sado
37.936258090000003,-8.3825648420000007;9493096;Alvalade
38.013025110000001,-8.6177081490000003;9494227;São Bartolomeu da Serra
38.65268957,-9.0804855549999992;9495000;Barreiro
38.659610479999998,-9.0718801340000006;9495026;Barreiro-A
38.661868669999997,-9.0584576380000001;9495042;Lavradio
38.659708440000003,-9.0446329480000003;9495059;Baixa da Banheira
38.652031479999998,-9.0274223540000005;9495075;Alhos Vedros
38.644955260000003,-8.9967252749999993;9495109;Moita
38.638185739999997,-8.9562340999999996;9495125;Penteado
